Turn,Message,Sentiment,Jev_Latency_ms,LLM_Latency_ms,Jev_Cumulative_s,LLM_Cumulative_s,Time_Saved_s
1,"Hi, I'd like to check on my order",neutral,1,4226,0.00,4.23,4.22
2,"I ordered this 5 days ago",neutral,0,6100,0.00,10.33,10.32
3,"I paid for express shipping",neutral,0,4759,0.00,15.09,15.08
4,"This is taking too long",neutral,0,3381,0.00,18.47,18.47
5,"I'm getting frustrated with this",frustrated,0,7397,0.00,25.86,25.86
6,"This is ridiculous",frustrated,0,8215,0.00,34.08,34.08
7,"Why is this taking so long?",neutral,0,3159,0.00,37.24,37.24
8,"I'm very disappointed",neutral,0,8724,0.00,45.96,45.96
9,"This is unacceptable",angry,0,5846,0.00,51.81,51.81
10,"I want a refund",neutral,0,7134,0.00,58.94,58.94
11,"Your service is terrible",negative,0,6959,0.00,65.90,65.90
12,"I'm extremely unhappy",neutral,1,4514,0.00,70.41,70.41
13,"This is the worst experience",negative,0,3469,0.00,73.88,73.88
14,"I demand to speak to a manager",neutral,0,7579,0.00,81.46,81.46
15,"I want to cancel everything",neutral,0,6657,0.00,88.12,88.12